item,imdb,ia
http://www.wikidata.org/entity/Q151895,tt0013442,Nosferatu_DVD_quality
http://www.wikidata.org/entity/Q151895,tt0013442,PhantasmagoriaTheater-Nosferatu1922909
http://www.wikidata.org/entity/Q255328,tt0109045,the.-adventures.-of.-priscilla.-queen.-of.-the.-desert.-1994.1080p.-blu-ray.x-265-rarbg
http://www.wikidata.org/entity/Q272599,tt0020629,All.Quiet.on.the.Western.Front.1930_201605
http://www.wikidata.org/entity/Q501105,tt0026029,the39steps_ipod
http://www.wikidata.org/entity/Q510595,tt0028231,Hitchcock_Secret_Agent
http://www.wikidata.org/entity/Q546829,tt0021884,frankenstein.1931.1080p.bluray.h264.aacrarbg
http://www.wikidata.org/entity/Q593877,tt0119558,lolita-1997-full-movie-720p
http://www.wikidata.org/entity/Q691048,tt0035476,tulips_shall_grow_1942
http://www.wikidata.org/entity/Q829250,tt0019760,ChelovekskinoapparatomManWithAMovieCamera
http://www.wikidata.org/entity/Q873186,tt0029606,AStarIsBorn
http://www.wikidata.org/entity/Q918401,tt0013427,nanookOfTheNorth1922
http://www.wikidata.org/entity/Q948153,tt0033029,second_chorus
http://www.wikidata.org/entity/Q948153,tt0033029,second_chorus_1940
http://www.wikidata.org/entity/Q1132535,tt0065988,LittleBigManWesternAdventureMovie1970DustinHoffmanFayeDunawayChiefDanGeorge
http://www.wikidata.org/entity/Q1144042,tt0036301,Report_From_The_Aleutians
http://www.wikidata.org/entity/Q1164789,tt0025586,humanbondage
http://www.wikidata.org/entity/Q1167299,tt0037988,ThePictureOfDorianGray1945
http://www.wikidata.org/entity/Q1195998,tt0015163,THENAVIGATOR1924BusterKeaton
http://www.wikidata.org/entity/Q1239971,tt0031790,PeaceOnEarth1939
http://www.wikidata.org/entity/Q1282209,tt0038574,GreatExpectations1946
http://www.wikidata.org/entity/Q1332634,tt0034303,Topper_Returns_41
http://www.wikidata.org/entity/Q1470370,tt0046414,Beat_the_Devil_DVD
http://www.wikidata.org/entity/Q1470370,tt0046414,BeatTheDevil1953
http://www.wikidata.org/entity/Q1543253,tt0023458,shanghai-express-32-1547330587237
http://www.wikidata.org/entity/Q1573324,tt0034263,TheTanksAreComing
http://www.wikidata.org/entity/Q1898476,tt0035041,MarinesInTheMaking
http://www.wikidata.org/entity/Q2410527,tt0034806,TheGrainThatBuiltAHemisphere
http://www.wikidata.org/entity/Q3222801,tt0033076,The_Son_of_Monte_Cristo
http://www.wikidata.org/entity/Q3522008,tt0035120,TheNewSpirit
http://www.wikidata.org/entity/Q4558813,tt0034608,CombatReport
http://www.wikidata.org/entity/Q5391482,tt0029588,SomethingtoSingAbout
http://www.wikidata.org/entity/Q6542578,tt0037875,TheAmericanSceneNumber11LibraryOfCongress
http://www.wikidata.org/entity/Q7923343,tt0030933,TheBeachcomber
http://www.wikidata.org/entity/Q187278,tt0435761,toy-story-3-2010_202204
http://www.wikidata.org/entity/Q246418,tt0031397,gullivers_travels1939
http://www.wikidata.org/entity/Q2437586,tt0038175,iwojima
http://www.wikidata.org/entity/Q431093,tt0018455,AmanecerSunriseASongOfTwoHumans
http://www.wikidata.org/entity/Q472096,tt0082089,7.4-8.2-body-heat-1981
http://www.wikidata.org/entity/Q485983,tt0298148,shrek-2-2004-full-screen
http://www.wikidata.org/entity/Q518414,tt0027496,cco_DancingPirate
http://www.wikidata.org/entity/Q690583,tt0015881,Greed1924VHS
http://www.wikidata.org/entity/Q700736,tt0018737,die-buchse-der-pandora-1929-1080p
http://www.wikidata.org/entity/Q820384,tt0022204,HellOnEarth
http://www.wikidata.org/entity/Q839434,tt0120889,WHATDRMS
http://www.wikidata.org/entity/Q971265,tt0038988,Martha_Ivers
http://www.wikidata.org/entity/Q995363,tt0031976,TheStarsLookDown1940
http://www.wikidata.org/entity/Q1024861,tt0003740,Cabiria
http://www.wikidata.org/entity/Q1080674,tt0028827,ElephantBoy
http://www.wikidata.org/entity/Q1144659,tt0035209,PreludeToWar
http://www.wikidata.org/entity/Q1200597,tt0035796,DesertVictory
http://www.wikidata.org/entity/Q1331696,tt0036823,FightingLady
http://www.wikidata.org/entity/Q1387285,tt0036629,BattleOfRussiaI
http://www.wikidata.org/entity/Q1620244,tt0032881,Our_Town
http://www.wikidata.org/entity/Q1627957,tt0034906,ItsEvery1945
http://www.wikidata.org/entity/Q2062566,tt0037638,Detour
http://www.wikidata.org/entity/Q2089824,tt0035153,OneofOurAircraftIsMissing
http://www.wikidata.org/entity/Q3213588,tt0036051,Jack_London_
http://www.wikidata.org/entity/Q4817901,tt0185893,Attack-TheBattleforNewBritain
http://www.wikidata.org/entity/Q5575002,tt0043590,go_for_broke_ACM
http://www.wikidata.org/entity/Q5718720,tt0034843,HenryBro1942
http://www.wikidata.org/entity/Q6232328,tt0060562,gov.ntis.ava11312vnb1
http://www.wikidata.org/entity/Q7683567,tt0034264,TanksaMillion
http://www.wikidata.org/entity/Q23013699,tt3741834,lion-2016-vose_202210
http://www.wikidata.org/entity/Q328096,tt0046051,MartinLuther
http://www.wikidata.org/entity/Q368451,tt0018379,7th-heaven
http://www.wikidata.org/entity/Q496266,tt0056923,Charade19631280x696
http://www.wikidata.org/entity/Q671940,tt0037871,TheLastChance_
http://www.wikidata.org/entity/Q683957,tt0045162,Kilimanjaro
http://www.wikidata.org/entity/Q686059,tt0067778,InterviewWithLouisMalle
http://www.wikidata.org/entity/Q27044293,tt6105098,the-lion-king-2019_202303
http://www.wikidata.org/entity/Q862197,tt0338348,the-polar-express-2004_202202
http://www.wikidata.org/entity/Q905932,tt0009968,brokenblossoms1919
http://www.wikidata.org/entity/Q946849,tt0021577,LAgeDOr
http://www.wikidata.org/entity/Q1145006,tt0037468,WiththeMarinesatTarawa
http://www.wikidata.org/entity/Q1156836,tt0018217,october1928
http://www.wikidata.org/entity/Q1230963,tt0030910,UnderWesternStars
http://www.wikidata.org/entity/Q1275177,tt0028931,WithWordsandMusic
http://www.wikidata.org/entity/Q1304986,tt0018806,lafoulethecrowd1927kingvidorvosttcm
http://www.wikidata.org/entity/Q1406119,tt0079845,bellocchio-1980-salto-nel-vuoto
http://www.wikidata.org/entity/Q1439941,tt0039840,Smash-Up
http://www.wikidata.org/entity/Q1620069,tt0031593,LoveAffair
http://www.wikidata.org/entity/Q2961961,tt0033459,cheers_for_miss_bishop
http://www.wikidata.org/entity/Q3020986,tt0035790,December7th
http://www.wikidata.org/entity/Q3032438,tt0031282,eternally_yours_ipod
http://www.wikidata.org/entity/Q3032438,tt0031282,EternallyYours
http://www.wikidata.org/entity/Q3073101,tt0039698,ThePerilsofPauline
http://www.wikidata.org/entity/Q3186995,tt0039517,JourneyIntoMedicine
http://www.wikidata.org/entity/Q3220909,tt0036065,TheKansan
http://www.wikidata.org/entity/Q4659449,tt0035321,AShipIsBorn
http://www.wikidata.org/entity/Q4857586,tt0035662,BaptismOfFire
http://www.wikidata.org/entity/Q7749981,tt0037893,Man_Who_Walked_Alone_1945
http://www.wikidata.org/entity/Q7776102,tt0185016,WorldatW1942
http://www.wikidata.org/entity/Q281301,tt0034274,ThatUncertainFeeling
http://www.wikidata.org/entity/Q466846,tt0317910,TheFogOfWarElevenLessonsFromTheLifeOfRobertS.Mcnamara
http://www.wikidata.org/entity/Q51520,tt0019254,DreyersThePassionOfJoanOfArc
http://www.wikidata.org/entity/Q135465,tt0042876,dom-24164-rashomon
http://www.wikidata.org/entity/Q152350,tt0015648,BattleshipPotemkin
http://www.wikidata.org/entity/Q153886,tt0010323,DasKabinettdesDoktorCaligariTheCabinetofDrCaligari
http://www.wikidata.org/entity/Q192206,tt0006864,Intolerance
http://www.wikidata.org/entity/Q220394,tt0004972,dw_griffith_birth_of_a_nation
http://www.wikidata.org/entity/Q623051,tt0063350,Night.Of.The.Living.Dead_1080p
http://www.wikidata.org/entity/Q645094,tt0036868,TheBestYearsOfOurLivest
http://www.wikidata.org/entity/Q826494,tt0117631,shine-1996
http://www.wikidata.org/entity/Q891902,tt0033423,gov.archives.arc.38638
http://www.wikidata.org/entity/Q903871,tt0029945,breaking_the_ice
http://www.wikidata.org/entity/Q1242327,tt0034666,gov.archives.arc.4672291
http://www.wikidata.org/entity/Q978770,tt0038991,TheStranger_0
http://www.wikidata.org/entity/Q978770,tt0038991,TheStranger720p
http://www.wikidata.org/entity/Q1066714,tt0032599,his_girl_friday
http://www.wikidata.org/entity/Q1133887,tt0035794,DerFuehrersFace
http://www.wikidata.org/entity/Q1170115,tt0024473,ThePrivateLifeofHenryVIII.
http://www.wikidata.org/entity/Q1789631,tt0036264,Cartoontheater1930sAnd1950s1
http://www.wikidata.org/entity/Q1857464,tt0033787,KingOfTheZombies
http://www.wikidata.org/entity/Q2584753,tt0035565,WinningYourWings
http://www.wikidata.org/entity/Q3006300,tt0034242,Sundown_
http://www.wikidata.org/entity/Q4727789,tt0033323,All-AericanCoEd
http://www.wikidata.org/entity/Q24284283,tt4566758,mulan-2020_202208
http://www.wikidata.org/entity/Q7549558,tt0036368,so_this_is_washington
http://www.wikidata.org/entity/Q7776761,tt0053461,YoungLand
http://www.wikidata.org/entity/Q7811300,tt0036445,TothePeo1944
http://www.wikidata.org/entity/Q105702,tt0057012,DRStrangelove_20130616
http://www.wikidata.org/entity/Q151599,tt0017136,metropolis_20201015
http://www.wikidata.org/entity/Q151599,tt0017136,Metropolis1925-ShorterVersion
http://www.wikidata.org/entity/Q369083,tt0028511,Winterset
http://www.wikidata.org/entity/Q419838,tt0034012,penny_serenade
http://www.wikidata.org/entity/Q471306,tt0023427,scarface-1932_202109
http://www.wikidata.org/entity/Q613216,tt0024803,zero_de_conduite
http://www.wikidata.org/entity/Q613284,tt0026104,Becky_Sharp_
http://www.wikidata.org/entity/Q1295269,tt0035996,HiDiddleDiddle
http://www.wikidata.org/entity/Q1365572,tt0019421,SteamboatBillJr
http://www.wikidata.org/entity/Q669068,tt0021890,TheFrontPage1931AdolpheMenjouPatOBrienLewismiles
http://www.wikidata.org/entity/Q784181,tt0042367,Cyrano_DeBergerac
http://www.wikidata.org/entity/Q836580,tt0093488,TheManWhoPlantedTrees
http://www.wikidata.org/entity/Q841781,tt0036855,Gaslight_1940
http://www.wikidata.org/entity/Q940014,tt0032943,PridePrejudice1940ColorisedFeaturetteDenham-LondonFilmStudios
http://www.wikidata.org/entity/Q1195631,tt0048347,The.Man.With.the.Golden.Arm.1955.720p.WEBDL.AAC2.0.H.264CtrlHD
http://www.wikidata.org/entity/Q1196539,tt0030637,Pygmalion
http://www.wikidata.org/entity/Q1213593,tt0036038,WarOfTheWildcats-JohnWayne1943
http://www.wikidata.org/entity/Q1215836,tt0025272,The.House.of.Rothschild
http://www.wikidata.org/entity/Q1807931,tt0019286,StormOverAsiasilentSoviet
http://www.wikidata.org/entity/Q2145748,tt0037215,ResistingEnemyInterrogation1944
http://www.wikidata.org/entity/Q2471434,tt0036497,VictoryThroughAirPower1942
http://www.wikidata.org/entity/Q2527271,tt0064703,The_Night_of_Counting_the_Years
http://www.wikidata.org/entity/Q2559912,tt0023109,39497
http://www.wikidata.org/entity/Q2566687,tt0105805,when_abortion_was_illegal
http://www.wikidata.org/entity/Q3040419,tt0037547,BloodontheSun
http://www.wikidata.org/entity/Q3108556,tt0036384,StageDoorCanteen1943
http://www.wikidata.org/entity/Q4880360,tt0064076,gov.archives.arc.53856
http://www.wikidata.org/entity/Q6646384,tt0034978,gov.archives.arc.38651
http://www.wikidata.org/entity/Q6691970,tt0033853,LoveOnTheDole_476
http://www.wikidata.org/entity/Q6869530,tt0037076,MinstrelMan
http://www.wikidata.org/entity/Q7640621,tt0034243,Sunny_
http://www.wikidata.org/entity/Q7745598,tt0037861,TheLastBomb1945
http://www.wikidata.org/entity/Q18517638,tt1979376,toy-story-4-2019_202204
http://www.wikidata.org/entity/Q51668,tt0335345,LaPassioneDiCristoSubITAStreamingHD
http://www.wikidata.org/entity/Q83495,tt0133093,the-matrix-1999
http://www.wikidata.org/entity/Q127021,tt0022100,PhantasmagoriaTheater-MFritzLang1931574
http://www.wikidata.org/entity/Q156497,tt0025913,1935-Triumph-des-Willens-Das-Dokument-vom-Reichsparteitag-1934
http://www.wikidata.org/entity/Q171048,tt0114709,toy-story-1995_20220424
http://www.wikidata.org/entity/Q190575,tt0020530,UnChienAndalou_313
http://www.wikidata.org/entity/Q204191,tt0038650,ItsAWonderfulLife_201401
http://www.wikidata.org/entity/Q258830,tt0015064,Der_letzte_Mann
http://www.wikidata.org/entity/Q587579,tt0022458,TabuAStoryOfTheSouthSeasf.w.Murnau
http://www.wikidata.org/entity/Q839419,tt0037576,CaptainKidd_
http://www.wikidata.org/entity/Q850159,tt0017925,The_General_Buster_Keaton
http://www.wikidata.org/entity/Q866120,tt0031679,MrSmithGoesToWashington1939480x360
http://www.wikidata.org/entity/Q944624,tt0023042,i.am.a.fugitive.from.a.chain.gang.1932
http://www.wikidata.org/entity/Q1169028,tt0045551,beneath_the_12-mile_reef
http://www.wikidata.org/entity/Q1210771,tt0045464,5000_fingers_of_dr_t
http://www.wikidata.org/entity/Q1414527,tt0029855,Algiers_
http://www.wikidata.org/entity/Q1467214,tt0039628,MiracleOn34thStreet1947
http://www.wikidata.org/entity/Q1640657,tt0036023,gov.fdr.127
http://www.wikidata.org/entity/Q1784551,tt0028167,Rembrandt
http://www.wikidata.org/entity/Q1795389,tt0034498,BattleOfMidway
http://www.wikidata.org/entity/Q1811134,tt0028010,my_man_godfrey
http://www.wikidata.org/entity/Q1857702,tt0028119,Popeye_meetsSinbadtheSailor
http://www.wikidata.org/entity/Q1858039,tt0022454,SvengaliJohnBarrymoreBKCap1931
http://www.wikidata.org/entity/Q2032599,tt0039566,LifeWithFather
http://www.wikidata.org/entity/Q2379666,tt0036152,MemphisBelle
http://www.wikidata.org/entity/Q2412800,tt0142655,OswaldTheLuckyRabbitInAMerryOldSoul
http://www.wikidata.org/entity/Q2748409,tt0040550,LouisianaStory
http://www.wikidata.org/entity/Q2992240,tt0036217,TheNorthStar
http://www.wikidata.org/entity/Q3203945,tt0037449,WayAhead
http://www.wikidata.org/entity/Q7137208,tt0020258,ParisBound1929AnnHardingFredricMarchCarmelitaGeraghtyLeslieFenton
http://www.wikidata.org/entity/Q12129859,tt0037404,TunisianVictory1944
http://www.wikidata.org/entity/Q18218448,tt4044364,Citizen.Four2014
http://www.wikidata.org/entity/Q20475,tt0055630,YojimboAkiraKurosawaJapanClassic
http://www.wikidata.org/entity/Q153593,tt0024966,Chapaev
http://www.wikidata.org/entity/Q279378,tt0021814,Dracula1931
http://www.wikidata.org/entity/Q477472,tt0038192,gov.dod.dimoc.20363
http://www.wikidata.org/entity/Q500044,tt0030341,lady_vanishes
http://www.wikidata.org/entity/Q646031,tt0095497,The.Last.Temptation.of.Christ.Zo
http://www.wikidata.org/entity/Q669749,tt0036377,TheSongOfBernadette1943
http://www.wikidata.org/entity/Q787289,tt0037783,HitlerLives
http://www.wikidata.org/entity/Q927919,tt0016220,ThePhantomoftheOpera
http://www.wikidata.org/entity/Q927919,tt0016220,ThePhantomOfTheOpera1925NewYorkGeneralReleasePrint_620
http://www.wikidata.org/entity/Q1199039,tt0014341,OurHospitality_29
http://www.wikidata.org/entity/Q1199902,tt0022286,public-enemy-wellman
http://www.wikidata.org/entity/Q1332246,tt0040767,TheSecretLand
http://www.wikidata.org/entity/Q1546792,tt0038733,Lbines-RetroVisionTheaterPresentsAMatterOfLifeAndDeath502
http://www.wikidata.org/entity/Q1549483,tt0065671,Uncle_Vanya_1970
http://www.wikidata.org/entity/Q1575490,tt0022879,farewell_to_arms
http://www.wikidata.org/entity/Q1604699,tt0034247,superman_1941
http://www.wikidata.org/entity/Q1798755,tt0025019,La_Cucaracha_1934
http://www.wikidata.org/entity/Q1858285,tt0035085,MoscowStrikesBack
http://www.wikidata.org/entity/Q1890292,tt0029209,ManhattanMerryGoRound
http://www.wikidata.org/entity/Q2033052,tt0119843,oscar-and-lucinda-1997
http://www.wikidata.org/entity/Q2674555,tt0056122,TheJohnGlennStory
http://www.wikidata.org/entity/Q3018061,tt0036430,this_is_the_army
http://www.wikidata.org/entity/Q4745668,tt0082012,americasintransition
http://www.wikidata.org/entity/Q5615123,tt0036886,GuestInTheHouse1944_573
http://www.wikidata.org/entity/Q7070194,tt0031737,NurseEdithCavell
http://www.wikidata.org/entity/Q7445700,tt0038919,SeedsofDestiny
http://www.wikidata.org/entity/Q7734266,tt0057061,5CitiesOfJune
http://www.wikidata.org/entity/Q256416,tt0023622,trouble-in-paradise
http://www.wikidata.org/entity/Q272036,tt0018578,wings.-1927.720p.-blu-ray.x-264.-yify
http://www.wikidata.org/entity/Q320219,tt0049293,DerHauptmannVonKoepenickHeinzRuehmann
http://www.wikidata.org/entity/Q465087,tt0018037,jazzsinger_Title_1
http://www.wikidata.org/entity/Q538600,tt0043983,royal_wedding
http://www.wikidata.org/entity/Q572165,tt0074958,Network1976
http://www.wikidata.org/entity/Q572165,tt0074958,Network1976ru
http://www.wikidata.org/entity/Q580849,tt0022599,a-nous-la-liberte
http://www.wikidata.org/entity/Q720724,tt0112431,babe-1995
http://www.wikidata.org/entity/Q1089543,tt0034891,In_Which_We_Serve
http://www.wikidata.org/entity/Q1167592,tt0034928,JungleBook
http://www.wikidata.org/entity/Q1195531,tt0038107,TheSoutherner
http://www.wikidata.org/entity/Q1421747,tt0073540,picnic-at-hanging-rock-1975
http://www.wikidata.org/entity/Q1520732,tt0033891,meet_john_doe
http://www.wikidata.org/entity/Q1620394,tt0033627,49thParallelVideoQualityUpgrade
http://www.wikidata.org/entity/Q1736026,tt0024962,The_Rise_of_Catherine_the_Great
http://www.wikidata.org/entity/Q1970114,tt0014497,SoulsForSale1923
http://www.wikidata.org/entity/Q2581338,tt0020451,Eisenstein-TheGeneralLine
http://www.wikidata.org/entity/Q3100955,tt0036094,LadyofBurlesque
http://www.wikidata.org/entity/Q3506227,tt0169716,CovjekKogaTrebaUbitiZo
http://www.wikidata.org/entity/Q4558232,tt0034610,Conquerb1943
http://www.wikidata.org/entity/Q7096829,tt0046146,gov.archives.arc.2569497
http://www.wikidata.org/entity/Q7759101,tt0040717,the_quiet_one
